week_num,game_date,weekday,gametime,away_team,home_team,away_score,home_score,away_coach,home_coach,stadium,espn_id
1,2025-09-04,Thursday,20:20,DAL,PHI,20,24,Brian Schottenheimer,Nick Sirianni,Lincoln Financial Field,401772510
1,2025-09-05,Friday,20:00,KC,LAC,21,27,Andy Reid,Jim Harbaugh,Arena Corinthians,401772714
1,2025-09-07,Sunday,13:00,ARI,NO,20,13,Jonathan Gannon,Kellen Moore,Caesars Superdome,401772718
1,2025-09-07,Sunday,13:00,CAR,JAX,10,26,Dave Canales,Liam Coen,EverBank Stadium,401772828
1,2025-09-07,Sunday,13:00,CIN,CLE,17,16,Zac Taylor,Kevin Stefanski,Huntington Bank Field,401772829
1,2025-09-07,Sunday,13:00,LV,NE,20,13,Pete Carroll,Mike Vrabel,Gillette Stadium,401772720
1,2025-09-07,Sunday,13:00,MIA,IND,8,33,Mike McDaniel,Shane Steichen,Lucas Oil Stadium,401772719
1,2025-09-07,Sunday,13:00,NYG,WAS,6,21,Brian Daboll,Dan Quinn,Northwest Stadium,401772827
1,2025-09-07,Sunday,13:00,PIT,NYJ,34,32,Mike Tomlin,Aaron Glenn,MetLife Stadium,401772721
1,2025-09-07,Sunday,13:00,TB,ATL,23,20,Todd Bowles,Raheem Morris,Mercedes-Benz Stadium,401772830
1,2025-09-07,Sunday,16:05,SF,SEA,17,13,Kyle Shanahan,Mike Macdonald,Lumen Field,401772831
1,2025-09-07,Sunday,16:05,TEN,DEN,12,20,Brian Callahan,Sean Payton,Empower Field at Mile High,401772832
1,2025-09-07,Sunday,16:25,DET,GB,13,27,Dan Campbell,Matt LaFleur,Lambeau Field,401772722
1,2025-09-07,Sunday,16:25,HOU,LAR,9,14,DeMeco Ryans,Sean McVay,SoFi Stadium,401772723
1,2025-09-07,Sunday,20:20,BAL,BUF,40,41,John Harbaugh,Sean McDermott,Highmark Stadium,401772918
1,2025-09-08,Monday,20:15,MIN,CHI,27,24,Kevin O'Connell,Ben Johnson,Soldier Field,401772810
2,2025-09-11,Thursday,20:15,WAS,GB,18,27,Dan Quinn,Matt LaFleur,Lambeau Field,401772936
2,2025-09-14,Sunday,13:00,BUF,NYJ,30,10,Sean McDermott,Aaron Glenn,MetLife Stadium,401772727
2,2025-09-14,Sunday,13:00,CHI,DET,21,52,Ben Johnson,Dan Campbell,Ford Field,401772835
2,2025-09-14,Sunday,13:00,CLE,BAL,17,41,Kevin Stefanski,John Harbaugh,M&T Bank Stadium,401772726
2,2025-09-14,Sunday,13:00,JAX,CIN,27,31,Liam Coen,Zac Taylor,Paycor Stadium,401772725
2,2025-09-14,Sunday,13:00,LAR,TEN,33,19,Sean McVay,Brian Callahan,Nissan Stadium,401772724
2,2025-09-14,Sunday,13:00,NE,MIA,33,27,Mike Vrabel,Mike McDaniel,Hard Rock Stadium,401772728
2,2025-09-14,Sunday,13:00,NYG,DAL,37,40,Brian Daboll,Brian Schottenheimer,AT&T Stadium,401772834
2,2025-09-14,Sunday,13:00,SEA,PIT,31,17,Mike Macdonald,Mike Tomlin,Acrisure Stadium,401772836
2,2025-09-14,Sunday,13:00,SF,NO,26,21,Kyle Shanahan,Kellen Moore,Caesars Superdome,401772833
2,2025-09-14,Sunday,16:05,CAR,ARI,22,27,Dave Canales,Jonathan Gannon,State Farm Stadium,401772730
2,2025-09-14,Sunday,16:05,DEN,IND,28,29,Sean Payton,Shane Steichen,Lucas Oil Stadium,401772729
2,2025-09-14,Sunday,16:25,PHI,KC,20,17,Nick Sirianni,Andy Reid,GEHA Field at Arrowhead Stadium,401772837
2,2025-09-14,Sunday,20:20,ATL,MIN,22,6,Raheem Morris,Kevin O'Connell,U.S. Bank Stadium,401772919
2,2025-09-15,Monday,19:00,TB,HOU,20,19,Todd Bowles,DeMeco Ryans,NRG Stadium,401772715
2,2025-09-15,Monday,22:00,LAC,LV,20,9,Jim Harbaugh,Pete Carroll,Allegiant Stadium,401772811
3,2025-09-18,Thursday,20:15,MIA,BUF,21,31,Mike McDaniel,Sean McDermott,Highmark Stadium,401772937
3,2025-09-21,Sunday,13:00,ATL,CAR,0,30,Raheem Morris,Dave Canales,Bank of America Stadium,401772838
3,2025-09-21,Sunday,13:00,CIN,MIN,10,48,Zac Taylor,Kevin O'Connell,U.S. Bank Stadium,401772731
3,2025-09-21,Sunday,13:00,GB,CLE,10,13,Matt LaFleur,Kevin Stefanski,Huntington Bank Field,401772842
3,2025-09-21,Sunday,13:00,HOU,JAX,10,17,DeMeco Ryans,Liam Coen,EverBank Stadium,401772734
3,2025-09-21,Sunday,13:00,IND,TEN,41,20,Shane Steichen,Brian Callahan,Nissan Stadium,401772733
3,2025-09-21,Sunday,13:00,LAR,PHI,26,33,Sean McVay,Nick Sirianni,Lincoln Financial Field,401772839
3,2025-09-21,Sunday,13:00,LV,WAS,24,41,Pete Carroll,Dan Quinn,Northwest Stadium,401772841
3,2025-09-21,Sunday,13:00,NYJ,TB,27,29,Aaron Glenn,Todd Bowles,Raymond James Stadium,401772840
3,2025-09-21,Sunday,13:00,PIT,NE,21,14,Mike Tomlin,Mike Vrabel,Gillette Stadium,401772732
3,2025-09-21,Sunday,16:05,DEN,LAC,20,23,Sean Payton,Jim Harbaugh,SoFi Stadium,401772735
3,2025-09-21,Sunday,16:05,NO,SEA,13,44,Kellen Moore,Mike Macdonald,Lumen Field,401772736
3,2025-09-21,Sunday,16:25,ARI,SF,15,16,Jonathan Gannon,Kyle Shanahan,Levi's Stadium,401772843
3,2025-09-21,Sunday,16:25,DAL,CHI,14,31,Brian Schottenheimer,Ben Johnson,Soldier Field,401772844
3,2025-09-21,Sunday,20:20,KC,NYG,22,9,Andy Reid,Brian Daboll,MetLife Stadium,401772920
3,2025-09-22,Monday,20:15,DET,BAL,38,30,Dan Campbell,John Harbaugh,M&T Bank Stadium,401772812
4,2025-09-25,Thursday,20:15,SEA,ARI,23,20,Mike Macdonald,Jonathan Gannon,State Farm Stadium,401772938
4,2025-09-28,Sunday,09:30,MIN,PIT,21,24,Kevin O'Connell,Mike Tomlin,Croke Park,401772632
4,2025-09-28,Sunday,13:00,CAR,NE,13,42,Dave Canales,Mike Vrabel,Gillette Stadium,401772847
4,2025-09-28,Sunday,13:00,CLE,DET,10,34,Kevin Stefanski,Dan Campbell,Ford Field,401772846
4,2025-09-28,Sunday,13:00,LAC,NYG,18,21,Jim Harbaugh,Brian Daboll,MetLife Stadium,401772737
4,2025-09-28,Sunday,13:00,NO,BUF,19,31,Kellen Moore,Sean McDermott,Highmark Stadium,401772740
4,2025-09-28,Sunday,13:00,PHI,TB,31,25,Nick Sirianni,Todd Bowles,Raymond James Stadium,401772845
4,2025-09-28,Sunday,13:00,TEN,HOU,0,26,Brian Callahan,DeMeco Ryans,NRG Stadium,401772738
4,2025-09-28,Sunday,13:00,WAS,ATL,27,34,Dan Quinn,Raheem Morris,Mercedes-Benz Stadium,401772739
4,2025-09-28,Sunday,16:05,IND,LAR,20,27,Shane Steichen,Sean McVay,SoFi Stadium,401772849
4,2025-09-28,Sunday,16:05,JAX,SF,26,21,Liam Coen,Kyle Shanahan,Levi's Stadium,401772848
4,2025-09-28,Sunday,16:25,BAL,KC,20,37,John Harbaugh,Andy Reid,GEHA Field at Arrowhead Stadium,401772741
4,2025-09-28,Sunday,16:25,CHI,LV,25,24,Ben Johnson,Pete Carroll,Allegiant Stadium,401772742
4,2025-09-28,Sunday,20:20,GB,DAL,40,40,Matt LaFleur,Brian Schottenheimer,AT&T Stadium,401772921
4,2025-09-29,Monday,19:15,NYJ,MIA,21,27,Aaron Glenn,Mike McDaniel,Hard Rock Stadium,401772813
4,2025-09-29,Monday,20:15,CIN,DEN,3,28,Zac Taylor,Sean Payton,Empower Field at Mile High,401772716
5,2025-10-02,Thursday,20:15,SF,LAR,26,23,Kyle Shanahan,Sean McVay,SoFi Stadium,401772939
5,2025-10-05,Sunday,09:30,MIN,CLE,21,17,Kevin O'Connell,Kevin Stefanski,Tottenham Hotspur Stadium,401772633
5,2025-10-05,Sunday,13:00,DAL,NYJ,37,22,Brian Schottenheimer,Aaron Glenn,MetLife Stadium,401772850
5,2025-10-05,Sunday,13:00,DEN,PHI,21,17,Sean Payton,Nick Sirianni,Lincoln Financial Field,401772745
5,2025-10-05,Sunday,13:00,HOU,BAL,44,10,DeMeco Ryans,John Harbaugh,M&T Bank Stadium,401772743
5,2025-10-05,Sunday,13:00,LV,IND,6,40,Pete Carroll,Shane Steichen,Lucas Oil Stadium,401772851
5,2025-10-05,Sunday,13:00,MIA,CAR,24,27,Mike McDaniel,Dave Canales,Bank of America Stadium,401772852
5,2025-10-05,Sunday,13:00,NYG,NO,14,26,Brian Daboll,Kellen Moore,Caesars Superdome,401772744
5,2025-10-05,Sunday,16:05,TB,SEA,38,35,Todd Bowles,Mike Macdonald,Lumen Field,401772746
5,2025-10-05,Sunday,16:05,TEN,ARI,22,21,Brian Callahan,Jonathan Gannon,State Farm Stadium,401772747
5,2025-10-05,Sunday,16:25,DET,CIN,37,24,Dan Campbell,Zac Taylor,Paycor Stadium,401772854
5,2025-10-05,Sunday,16:25,WAS,LAC,27,10,Dan Quinn,Jim Harbaugh,SoFi Stadium,401772853
5,2025-10-05,Sunday,20:20,NE,BUF,23,20,Mike Vrabel,Sean McDermott,Highmark Stadium,401772922
5,2025-10-06,Monday,20:15,KC,JAX,28,31,Andy Reid,Liam Coen,EverBank Stadium,401772814
6,2025-10-09,Thursday,20:15,PHI,NYG,17,34,Nick Sirianni,Brian Daboll,MetLife Stadium,401772940
6,2025-10-12,Sunday,09:30,DEN,NYJ,,,Sean Payton,Aaron Glenn,Tottenham Hotspur Stadium,401772634
6,2025-10-12,Sunday,13:00,ARI,IND,,,Jonathan Gannon,Shane Steichen,Lucas Oil Stadium,401772856
6,2025-10-12,Sunday,13:00,CLE,PIT,,,Kevin Stefanski,Mike Tomlin,Acrisure Stadium,401772748
6,2025-10-12,Sunday,13:00,DAL,CAR,,,Brian Schottenheimer,Dave Canales,Bank of America Stadium,401772858
6,2025-10-12,Sunday,13:00,LAC,MIA,,,Jim Harbaugh,Mike McDaniel,Hard Rock Stadium,401772750
6,2025-10-12,Sunday,13:00,LAR,BAL,,,Sean McVay,John Harbaugh,M&T Bank Stadium,401772855
6,2025-10-12,Sunday,13:00,SEA,JAX,,,Mike Macdonald,Liam Coen,EverBank Stadium,401772857
6,2025-10-12,Sunday,13:00,SF,TB,,,Kyle Shanahan,Todd Bowles,Raymond James Stadium,401772749
6,2025-10-12,Sunday,16:05,TEN,LV,,,Brian Callahan,Pete Carroll,Allegiant Stadium,401772859
6,2025-10-12,Sunday,16:25,CIN,GB,,,Zac Taylor,Matt LaFleur,Lambeau Field,401772752
6,2025-10-12,Sunday,16:25,NE,NO,,,Mike Vrabel,Kellen Moore,Caesars Superdome,401772751
6,2025-10-12,Sunday,20:20,DET,KC,,,Dan Campbell,Andy Reid,GEHA Field at Arrowhead Stadium,401772923
6,2025-10-13,Monday,19:15,BUF,ATL,,,Sean McDermott,Raheem Morris,Mercedes-Benz Stadium,401772815
6,2025-10-13,Monday,20:15,CHI,WAS,,,Ben Johnson,Dan Quinn,Northwest Stadium,401772717
7,2025-10-16,Thursday,20:15,PIT,CIN,,,Mike Tomlin,Zac Taylor,Paycor Stadium,401772941
7,2025-10-19,Sunday,09:30,LAR,JAX,,,Sean McVay,Liam Coen,Wembley Stadium,401772635
7,2025-10-19,Sunday,13:00,CAR,NYJ,,,Dave Canales,Aaron Glenn,MetLife Stadium,401772860
7,2025-10-19,Sunday,13:00,LV,KC,,,Pete Carroll,Andy Reid,GEHA Field at Arrowhead Stadium,401772753
7,2025-10-19,Sunday,13:00,MIA,CLE,,,Mike McDaniel,Kevin Stefanski,Huntington Bank Field,401772754
7,2025-10-19,Sunday,13:00,NE,TEN,,,Mike Vrabel,Brian Callahan,Nissan Stadium,401772755
7,2025-10-19,Sunday,13:00,NO,CHI,,,Kellen Moore,Ben Johnson,Soldier Field,401772861
7,2025-10-19,Sunday,13:00,PHI,MIN,,,Nick Sirianni,Kevin O'Connell,U.S. Bank Stadium,401772862
7,2025-10-19,Sunday,16:05,IND,LAC,,,Shane Steichen,Jim Harbaugh,SoFi Stadium,401772756
7,2025-10-19,Sunday,16:05,NYG,DEN,,,Brian Daboll,Sean Payton,Empower Field at Mile High,401772757
7,2025-10-19,Sunday,16:25,GB,ARI,,,Matt LaFleur,Jonathan Gannon,State Farm Stadium,401772863
7,2025-10-19,Sunday,16:25,WAS,DAL,,,Dan Quinn,Brian Schottenheimer,AT&T Stadium,401772864
7,2025-10-19,Sunday,20:20,ATL,SF,,,Raheem Morris,Kyle Shanahan,Levi's Stadium,401772924
7,2025-10-20,Monday,19:00,TB,DET,,,Todd Bowles,Dan Campbell,Ford Field,401772816
7,2025-10-20,Monday,22:00,HOU,SEA,,,DeMeco Ryans,Mike Macdonald,Lumen Field,401772826
8,2025-10-23,Thursday,20:15,MIN,LAC,,,Kevin O'Connell,Jim Harbaugh,SoFi Stadium,401772942
8,2025-10-26,Sunday,13:00,BUF,CAR,,,Sean McDermott,Dave Canales,Bank of America Stadium,401772865
8,2025-10-26,Sunday,13:00,CHI,BAL,,,Ben Johnson,John Harbaugh,M&T Bank Stadium,401772759
8,2025-10-26,Sunday,13:00,CLE,NE,,,Kevin Stefanski,Mike Vrabel,Gillette Stadium,401772868
8,2025-10-26,Sunday,13:00,MIA,ATL,,,Mike McDaniel,Raheem Morris,Mercedes-Benz Stadium,401772760
8,2025-10-26,Sunday,13:00,NYG,PHI,,,Brian Daboll,Nick Sirianni,Lincoln Financial Field,401772867
8,2025-10-26,Sunday,13:00,NYJ,CIN,,,Aaron Glenn,Zac Taylor,Paycor Stadium,401772758
8,2025-10-26,Sunday,13:00,SF,HOU,,,Kyle Shanahan,DeMeco Ryans,NRG Stadium,401772866
8,2025-10-26,Sunday,16:05,TB,NO,,,Todd Bowles,Kellen Moore,Caesars Superdome,401772869
8,2025-10-26,Sunday,16:25,DAL,DEN,,,Brian Schottenheimer,Sean Payton,Empower Field at Mile High,401772762
8,2025-10-26,Sunday,16:25,TEN,IND,,,Brian Callahan,Shane Steichen,Lucas Oil Stadium,401772761
8,2025-10-26,Sunday,20:20,GB,PIT,,,Matt LaFleur,Mike Tomlin,Acrisure Stadium,401772925
8,2025-10-27,Monday,20:15,WAS,KC,,,Dan Quinn,Andy Reid,GEHA Field at Arrowhead Stadium,401772817
9,2025-10-30,Thursday,20:15,BAL,MIA,,,John Harbaugh,Mike McDaniel,Hard Rock Stadium,401772943
9,2025-11-02,Sunday,13:00,ATL,NE,,,Raheem Morris,Mike Vrabel,Gillette Stadium,401772763
9,2025-11-02,Sunday,13:00,CAR,GB,,,Dave Canales,Matt LaFleur,Lambeau Field,401772872
9,2025-11-02,Sunday,13:00,CHI,CIN,,,Ben Johnson,Zac Taylor,Paycor Stadium,401772765
9,2025-11-02,Sunday,13:00,DEN,HOU,,,Sean Payton,DeMeco Ryans,NRG Stadium,401772870
9,2025-11-02,Sunday,13:00,IND,PIT,,,Shane Steichen,Mike Tomlin,Acrisure Stadium,401772766
9,2025-11-02,Sunday,13:00,LAC,TEN,,,Jim Harbaugh,Brian Callahan,Nissan Stadium,401772764
9,2025-11-02,Sunday,13:00,MIN,DET,,,Kevin O'Connell,Dan Campbell,Ford Field,401772871
9,2025-11-02,Sunday,13:00,SF,NYG,,,Kyle Shanahan,Brian Daboll,MetLife Stadium,401772767
9,2025-11-02,Sunday,16:05,JAX,LV,,,Liam Coen,Pete Carroll,Allegiant Stadium,401772873
9,2025-11-02,Sunday,16:05,NO,LAR,,,Kellen Moore,Sean McVay,SoFi Stadium,401772874
9,2025-11-02,Sunday,16:25,KC,BUF,,,Andy Reid,Sean McDermott,Highmark Stadium,401772768
9,2025-11-02,Sunday,20:20,SEA,WAS,,,Mike Macdonald,Dan Quinn,Northwest Stadium,401772926
9,2025-11-03,Monday,20:15,ARI,DAL,,,Jonathan Gannon,Brian Schottenheimer,AT&T Stadium,401772818
10,2025-11-06,Thursday,20:15,LV,DEN,,,Pete Carroll,Sean Payton,Empower Field at Mile High,401772944
10,2025-11-09,Sunday,09:30,ATL,IND,,,Raheem Morris,Shane Steichen,Olympic Stadium,401772636
10,2025-11-09,Sunday,13:00,BAL,MIN,,,John Harbaugh,Kevin O'Connell,U.S. Bank Stadium,401772876
10,2025-11-09,Sunday,13:00,BUF,MIA,,,Sean McDermott,Mike McDaniel,Hard Rock Stadium,401772771
10,2025-11-09,Sunday,13:00,CLE,NYJ,,,Kevin Stefanski,Aaron Glenn,MetLife Stadium,401772769
10,2025-11-09,Sunday,13:00,JAX,HOU,,,Liam Coen,DeMeco Ryans,NRG Stadium,401772770
10,2025-11-09,Sunday,13:00,NE,TB,,,Mike Vrabel,Todd Bowles,Raymond James Stadium,401772772
10,2025-11-09,Sunday,13:00,NO,CAR,,,Kellen Moore,Dave Canales,Bank of America Stadium,401772877
10,2025-11-09,Sunday,13:00,NYG,CHI,,,Brian Daboll,Ben Johnson,Soldier Field,401772875
10,2025-11-09,Sunday,16:05,ARI,SEA,,,Jonathan Gannon,Mike Macdonald,Lumen Field,401772773
10,2025-11-09,Sunday,16:25,DET,WAS,,,Dan Campbell,Dan Quinn,Northwest Stadium,401772878
10,2025-11-09,Sunday,16:25,LAR,SF,,,Sean McVay,Kyle Shanahan,Levi's Stadium,401772879
10,2025-11-09,Sunday,20:20,PIT,LAC,,,Mike Tomlin,Jim Harbaugh,SoFi Stadium,401772927
10,2025-11-10,Monday,20:15,PHI,GB,,,Nick Sirianni,Matt LaFleur,Lambeau Field,401772630
11,2025-11-13,Thursday,20:15,NYJ,NE,,,Aaron Glenn,Mike Vrabel,Gillette Stadium,401772945
11,2025-11-16,Sunday,09:30,WAS,MIA,,,Dan Quinn,Mike McDaniel,Santiago Bernabeu Stadium,401772631
11,2025-11-16,Sunday,13:00,CAR,ATL,,,Dave Canales,Raheem Morris,Mercedes-Benz Stadium,401772882
11,2025-11-16,Sunday,13:00,CHI,MIN,,,Ben Johnson,Kevin O'Connell,U.S. Bank Stadium,401772880
11,2025-11-16,Sunday,13:00,CIN,PIT,,,Zac Taylor,Mike Tomlin,Acrisure Stadium,401772774
11,2025-11-16,Sunday,13:00,GB,NYG,,,Matt LaFleur,Brian Daboll,MetLife Stadium,401772883
11,2025-11-16,Sunday,13:00,HOU,TEN,,,DeMeco Ryans,Brian Callahan,Nissan Stadium,401772881
11,2025-11-16,Sunday,13:00,LAC,JAX,,,Jim Harbaugh,Liam Coen,EverBank Stadium,401772775
11,2025-11-16,Sunday,13:00,TB,BUF,,,Todd Bowles,Sean McDermott,Highmark Stadium,401772776
11,2025-11-16,Sunday,16:05,SEA,LAR,,,Mike Macdonald,Sean McVay,SoFi Stadium,401772884
11,2025-11-16,Sunday,16:05,SF,ARI,,,Kyle Shanahan,Jonathan Gannon,State Farm Stadium,401772885
11,2025-11-16,Sunday,16:25,BAL,CLE,,,John Harbaugh,Kevin Stefanski,Huntington Bank Field,401772777
11,2025-11-16,Sunday,16:25,KC,DEN,,,Andy Reid,Sean Payton,Empower Field at Mile High,401772778
11,2025-11-16,Sunday,20:20,DET,PHI,,,Dan Campbell,Nick Sirianni,Lincoln Financial Field,401772928
11,2025-11-17,Monday,20:15,DAL,LV,,,Brian Schottenheimer,Pete Carroll,Allegiant Stadium,401772819
12,2025-11-20,Thursday,20:15,BUF,HOU,,,Sean McDermott,DeMeco Ryans,NRG Stadium,401772946
12,2025-11-23,Sunday,13:00,IND,KC,,,Shane Steichen,Andy Reid,GEHA Field at Arrowhead Stadium,401772779
12,2025-11-23,Sunday,13:00,MIN,GB,,,Kevin O'Connell,Matt LaFleur,Lambeau Field,401772887
12,2025-11-23,Sunday,13:00,NE,CIN,,,Mike Vrabel,Zac Taylor,Paycor Stadium,401772781
12,2025-11-23,Sunday,13:00,NYG,DET,,,Brian Daboll,Dan Campbell,Ford Field,401772888
12,2025-11-23,Sunday,13:00,NYJ,BAL,,,Aaron Glenn,John Harbaugh,M&T Bank Stadium,401772782
12,2025-11-23,Sunday,13:00,PIT,CHI,,,Mike Tomlin,Ben Johnson,Soldier Field,401772780
12,2025-11-23,Sunday,13:00,SEA,TEN,,,Mike Macdonald,Brian Callahan,Nissan Stadium,401772886
12,2025-11-23,Sunday,16:05,CLE,LV,,,Kevin Stefanski,Pete Carroll,Allegiant Stadium,401772784
12,2025-11-23,Sunday,16:05,JAX,ARI,,,Liam Coen,Jonathan Gannon,State Farm Stadium,401772783
12,2025-11-23,Sunday,16:25,ATL,NO,,,Raheem Morris,Kellen Moore,Caesars Superdome,401772889
12,2025-11-23,Sunday,16:25,PHI,DAL,,,Nick Sirianni,Brian Schottenheimer,AT&T Stadium,401772890
12,2025-11-23,Sunday,20:20,TB,LAR,,,Todd Bowles,Sean McVay,SoFi Stadium,401772929
12,2025-11-24,Monday,20:15,CAR,SF,,,Dave Canales,Kyle Shanahan,Levi's Stadium,401772820
13,2025-11-27,Thursday,13:00,GB,DET,,,Matt LaFleur,Dan Campbell,Ford Field,401772891
13,2025-11-27,Thursday,16:30,KC,DAL,,,Andy Reid,Brian Schottenheimer,AT&T Stadium,401772694
13,2025-11-27,Thursday,20:20,CIN,BAL,,,Zac Taylor,John Harbaugh,M&T Bank Stadium,401772930
13,2025-11-28,Friday,15:00,CHI,PHI,,,Ben Johnson,Nick Sirianni,Lincoln Financial Field,401772621
13,2025-11-30,Sunday,13:00,ARI,TB,,,Jonathan Gannon,Todd Bowles,Raymond James Stadium,401772895
13,2025-11-30,Sunday,13:00,ATL,NYJ,,,Raheem Morris,Aaron Glenn,MetLife Stadium,401772893
13,2025-11-30,Sunday,13:00,HOU,IND,,,DeMeco Ryans,Shane Steichen,Lucas Oil Stadium,401772787
13,2025-11-30,Sunday,13:00,JAX,TEN,,,Liam Coen,Brian Callahan,Nissan Stadium,401772786
13,2025-11-30,Sunday,13:00,LAR,CAR,,,Sean McVay,Dave Canales,Bank of America Stadium,401772894
13,2025-11-30,Sunday,13:00,NO,MIA,,,Kellen Moore,Mike McDaniel,Hard Rock Stadium,401772892
13,2025-11-30,Sunday,13:00,SF,CLE,,,Kyle Shanahan,Kevin Stefanski,Huntington Bank Field,401772785
13,2025-11-30,Sunday,16:05,MIN,SEA,,,Kevin O'Connell,Mike Macdonald,Lumen Field,401772896
13,2025-11-30,Sunday,16:25,BUF,PIT,,,Sean McDermott,Mike Tomlin,Acrisure Stadium,401772789
13,2025-11-30,Sunday,16:25,LV,LAC,,,Pete Carroll,Jim Harbaugh,SoFi Stadium,401772788
13,2025-11-30,Sunday,20:20,DEN,WAS,,,Sean Payton,Dan Quinn,Northwest Stadium,401772931
13,2025-12-01,Monday,20:15,NYG,NE,,,Brian Daboll,Mike Vrabel,Gillette Stadium,401772821
14,2025-12-04,Thursday,20:15,DAL,DET,,,Brian Schottenheimer,Dan Campbell,Ford Field,401772947
14,2025-12-07,Sunday,13:00,CHI,GB,,,Ben Johnson,Matt LaFleur,Lambeau Field,401772897
14,2025-12-07,Sunday,13:00,IND,JAX,,,Shane Steichen,Liam Coen,EverBank Stadium,401772793
14,2025-12-07,Sunday,13:00,MIA,NYJ,,,Mike McDaniel,Aaron Glenn,MetLife Stadium,401772790
14,2025-12-07,Sunday,13:00,NO,TB,,,Kellen Moore,Todd Bowles,Raymond James Stadium,401772792
14,2025-12-07,Sunday,13:00,PIT,BAL,,,Mike Tomlin,John Harbaugh,M&T Bank Stadium,401772791
14,2025-12-07,Sunday,13:00,SEA,ATL,,,Mike Macdonald,Raheem Morris,Mercedes-Benz Stadium,401772900
14,2025-12-07,Sunday,13:00,TEN,CLE,,,Brian Callahan,Kevin Stefanski,Huntington Bank Field,401772898
14,2025-12-07,Sunday,13:00,WAS,MIN,,,Dan Quinn,Kevin O'Connell,U.S. Bank Stadium,401772899
14,2025-12-07,Sunday,16:05,DEN,LV,,,Sean Payton,Pete Carroll,Allegiant Stadium,401772794
14,2025-12-07,Sunday,16:25,CIN,BUF,,,Zac Taylor,Sean McDermott,Highmark Stadium,401772902
14,2025-12-07,Sunday,16:25,LAR,ARI,,,Sean McVay,Jonathan Gannon,State Farm Stadium,401772901
14,2025-12-07,Sunday,20:20,HOU,KC,,,DeMeco Ryans,Andy Reid,GEHA Field at Arrowhead Stadium,401772932
14,2025-12-08,Monday,20:15,PHI,LAC,,,Nick Sirianni,Jim Harbaugh,SoFi Stadium,401772822
15,2025-12-11,Thursday,20:15,ATL,TB,,,Raheem Morris,Todd Bowles,Raymond James Stadium,401772948
15,2025-12-14,Sunday,13:00,ARI,HOU,,,Jonathan Gannon,DeMeco Ryans,NRG Stadium,401772903
15,2025-12-14,Sunday,13:00,BAL,CIN,,,John Harbaugh,Zac Taylor,Paycor Stadium,401772796
15,2025-12-14,Sunday,13:00,BUF,NE,,,Sean McDermott,Mike Vrabel,Gillette Stadium,401772795
15,2025-12-14,Sunday,13:00,CLE,CHI,,,Kevin Stefanski,Ben Johnson,Soldier Field,401772904
15,2025-12-14,Sunday,13:00,LAC,KC,,,Jim Harbaugh,Andy Reid,GEHA Field at Arrowhead Stadium,401772798
15,2025-12-14,Sunday,13:00,LV,PHI,,,Pete Carroll,Nick Sirianni,Lincoln Financial Field,401772906
15,2025-12-14,Sunday,13:00,NYJ,JAX,,,Aaron Glenn,Liam Coen,EverBank Stadium,401772797
15,2025-12-14,Sunday,13:00,WAS,NYG,,,Dan Quinn,Brian Daboll,MetLife Stadium,401772905
15,2025-12-14,Sunday,16:25,CAR,NO,,,Dave Canales,Kellen Moore,Caesars Superdome,401772908
15,2025-12-14,Sunday,16:25,DET,LAR,,,Dan Campbell,Sean McVay,SoFi Stadium,401772909
15,2025-12-14,Sunday,16:25,GB,DEN,,,Matt LaFleur,Sean Payton,Empower Field at Mile High,401772800
15,2025-12-14,Sunday,16:25,IND,SEA,,,Shane Steichen,Mike Macdonald,Lumen Field,401772799
15,2025-12-14,Sunday,16:25,TEN,SF,,,Brian Callahan,Kyle Shanahan,Levi's Stadium,401772907
15,2025-12-14,Sunday,20:20,MIN,DAL,,,Kevin O'Connell,Brian Schottenheimer,AT&T Stadium,401772933
15,2025-12-15,Monday,20:15,MIA,PIT,,,Mike McDaniel,Mike Tomlin,Acrisure Stadium,401772823
16,2025-12-18,Thursday,20:15,LAR,SEA,,,Sean McVay,Mike Macdonald,Lumen Field,401772949
16,2025-12-21,Sunday,13:00,BUF,CLE,,,Sean McDermott,Kevin Stefanski,Huntington Bank Field,401772802
16,2025-12-21,Sunday,13:00,KC,TEN,,,Andy Reid,Brian Callahan,Nissan Stadium,401772803
16,2025-12-21,Sunday,13:00,LAC,DAL,,,Jim Harbaugh,Brian Schottenheimer,AT&T Stadium,401772910
16,2025-12-21,Sunday,13:00,MIN,NYG,,,Kevin O'Connell,Brian Daboll,MetLife Stadium,401772911
16,2025-12-21,Sunday,13:00,NE,BAL,,,Mike Vrabel,John Harbaugh,M&T Bank Stadium,401772804
16,2025-12-21,Sunday,13:00,NYJ,NO,,,Aaron Glenn,Kellen Moore,Caesars Superdome,401772801
16,2025-12-21,Sunday,13:00,TB,CAR,,,Todd Bowles,Dave Canales,Bank of America Stadium,401772912
16,2025-12-21,Sunday,16:05,ATL,ARI,,,Raheem Morris,Jonathan Gannon,State Farm Stadium,401772914
16,2025-12-21,Sunday,16:05,JAX,DEN,,,Liam Coen,Sean Payton,Empower Field at Mile High,401772913
16,2025-12-21,Sunday,16:25,LV,HOU,,,Pete Carroll,DeMeco Ryans,NRG Stadium,401772805
16,2025-12-21,Sunday,16:25,PIT,DET,,,Mike Tomlin,Dan Campbell,Ford Field,401772806
16,2025-12-21,Sunday,19:00,GB,CHI,,,Matt LaFleur,Ben Johnson,Soldier Field,401772613
16,2025-12-21,Sunday,19:00,PHI,WAS,,,Nick Sirianni,Dan Quinn,Northwest Stadium,401772612
16,2025-12-21,Sunday,20:20,CIN,MIA,,,Zac Taylor,Mike McDaniel,Hard Rock Stadium,401772934
16,2025-12-22,Monday,20:15,SF,IND,,,Kyle Shanahan,Shane Steichen,Lucas Oil Stadium,401772824
17,2025-12-25,Thursday,13:00,DAL,WAS,,,Brian Schottenheimer,Dan Quinn,Northwest Stadium,401772710
17,2025-12-25,Thursday,16:30,DET,MIN,,,Dan Campbell,Kevin O'Connell,U.S. Bank Stadium,401772711
17,2025-12-25,Thursday,20:15,DEN,KC,,,Sean Payton,Andy Reid,GEHA Field at Arrowhead Stadium,401772622
17,2025-12-28,Sunday,13:00,JAX,IND,,,Liam Coen,Shane Steichen,Lucas Oil Stadium,401772915
17,2025-12-28,Sunday,13:00,NE,NYJ,,,Mike Vrabel,Aaron Glenn,MetLife Stadium,401772808
17,2025-12-28,Sunday,13:00,NO,TEN,,,Kellen Moore,Brian Callahan,Nissan Stadium,401772809
17,2025-12-28,Sunday,13:00,PIT,CLE,,,Mike Tomlin,Kevin Stefanski,Huntington Bank Field,401772807
17,2025-12-28,Sunday,13:00,TB,MIA,,,Todd Bowles,Mike McDaniel,Hard Rock Stadium,401772916
17,2025-12-28,Sunday,16:25,PHI,BUF,,,Nick Sirianni,Sean McDermott,Highmark Stadium,401772917
17,2025-12-28,Sunday,20:20,CHI,SF,,,Ben Johnson,Kyle Shanahan,Levi's Stadium,401772935
17,2025-12-29,Monday,19:00,ARI,CIN,,,Jonathan Gannon,Zac Taylor,Paycor Stadium,401772954
17,2025-12-29,Monday,19:00,BAL,GB,,,John Harbaugh,Matt LaFleur,Lambeau Field,401772953
17,2025-12-29,Monday,19:00,HOU,LAC,,,DeMeco Ryans,Jim Harbaugh,SoFi Stadium,401772951
17,2025-12-29,Monday,19:00,NYG,LV,,,Brian Daboll,Pete Carroll,Allegiant Stadium,401772950
17,2025-12-29,Monday,19:00,SEA,CAR,,,Mike Macdonald,Dave Canales,Bank of America Stadium,401772952
17,2025-12-29,Monday,20:15,LAR,ATL,,,Sean McVay,Raheem Morris,Mercedes-Benz Stadium,401772825
18,2026-01-04,Sunday,19:00,ARI,LAR,,,Jonathan Gannon,Sean McVay,SoFi Stadium,401772955
18,2026-01-04,Sunday,19:00,BAL,PIT,,,John Harbaugh,Mike Tomlin,Acrisure Stadium,401772960
18,2026-01-04,Sunday,19:00,CAR,TB,,,Dave Canales,Todd Bowles,Raymond James Stadium,401772969
18,2026-01-04,Sunday,19:00,CLE,CIN,,,Kevin Stefanski,Zac Taylor,Paycor Stadium,401772964
18,2026-01-04,Sunday,19:00,DAL,NYG,,,Brian Schottenheimer,Brian Daboll,MetLife Stadium,401772963
18,2026-01-04,Sunday,19:00,DET,CHI,,,Dan Campbell,Ben Johnson,Soldier Field,401772965
18,2026-01-04,Sunday,19:00,GB,MIN,,,Matt LaFleur,Kevin O'Connell,U.S. Bank Stadium,401772968
18,2026-01-04,Sunday,19:00,IND,HOU,,,Shane Steichen,DeMeco Ryans,NRG Stadium,401772962
18,2026-01-04,Sunday,19:00,KC,LV,,,Andy Reid,Pete Carroll,Allegiant Stadium,401772957
18,2026-01-04,Sunday,19:00,LAC,DEN,,,Jim Harbaugh,Sean Payton,Empower Field at Mile High,401772956
18,2026-01-04,Sunday,19:00,MIA,NE,,,Mike McDaniel,Mike Vrabel,Gillette Stadium,401772958
18,2026-01-04,Sunday,19:00,NO,ATL,,,Kellen Moore,Raheem Morris,Mercedes-Benz Stadium,401772966
18,2026-01-04,Sunday,19:00,NYJ,BUF,,,Aaron Glenn,Sean McDermott,Highmark Stadium,401772967
18,2026-01-04,Sunday,19:00,SEA,SF,,,Mike Macdonald,Kyle Shanahan,Levi's Stadium,401772961
18,2026-01-04,Sunday,19:00,TEN,JAX,,,Brian Callahan,Liam Coen,EverBank Stadium,401772970
18,2026-01-04,Sunday,19:00,WAS,PHI,,,Dan Quinn,Nick Sirianni,Lincoln Financial Field,401772959
